id,name,class,ext
366,Alexandra Daddario0_214,pins_Alexandra Daddario,.jpg
367,Alexandra Daddario100_217,pins_Alexandra Daddario,.jpg
368,Alexandra Daddario101_218,pins_Alexandra Daddario,.jpg
369,Alexandra Daddario102_219,pins_Alexandra Daddario,.jpg
370,Alexandra Daddario103_220,pins_Alexandra Daddario,.jpg
371,Alexandra Daddario104_221,pins_Alexandra Daddario,.jpg
372,Alexandra Daddario105_222,pins_Alexandra Daddario,.jpg
373,Alexandra Daddario106_223,pins_Alexandra Daddario,.jpg
374,Alexandra Daddario107_224,pins_Alexandra Daddario,.jpg
375,Alexandra Daddario108_225,pins_Alexandra Daddario,.jpg
376,Alexandra Daddario109_226,pins_Alexandra Daddario,.jpg
377,Alexandra Daddario10_216,pins_Alexandra Daddario,.jpg
378,Alexandra Daddario110_228,pins_Alexandra Daddario,.jpg
379,Alexandra Daddario111_229,pins_Alexandra Daddario,.jpg
380,Alexandra Daddario112_230,pins_Alexandra Daddario,.jpg
381,Alexandra Daddario114_231,pins_Alexandra Daddario,.jpg
382,Alexandra Daddario115_232,pins_Alexandra Daddario,.jpg
383,Alexandra Daddario117_233,pins_Alexandra Daddario,.jpg
384,Alexandra Daddario118_234,pins_Alexandra Daddario,.jpg
385,Alexandra Daddario119_235,pins_Alexandra Daddario,.jpg
386,Alexandra Daddario11_227,pins_Alexandra Daddario,.jpg
387,Alexandra Daddario120_237,pins_Alexandra Daddario,.jpg
388,Alexandra Daddario121_238,pins_Alexandra Daddario,.jpg
389,Alexandra Daddario122_239,pins_Alexandra Daddario,.jpg
390,Alexandra Daddario123_240,pins_Alexandra Daddario,.jpg
391,Alexandra Daddario124_241,pins_Alexandra Daddario,.jpg
392,Alexandra Daddario125_242,pins_Alexandra Daddario,.jpg
393,Alexandra Daddario129_243,pins_Alexandra Daddario,.jpg
394,Alexandra Daddario12_236,pins_Alexandra Daddario,.jpg
395,Alexandra Daddario130_245,pins_Alexandra Daddario,.jpg
396,Alexandra Daddario131_246,pins_Alexandra Daddario,.jpg
397,Alexandra Daddario132_247,pins_Alexandra Daddario,.jpg
398,Alexandra Daddario133_248,pins_Alexandra Daddario,.jpg
399,Alexandra Daddario134_249,pins_Alexandra Daddario,.jpg
400,Alexandra Daddario136_250,pins_Alexandra Daddario,.jpg
401,Alexandra Daddario137_251,pins_Alexandra Daddario,.jpg
402,Alexandra Daddario138_252,pins_Alexandra Daddario,.jpg
403,Alexandra Daddario139_253,pins_Alexandra Daddario,.jpg
404,Alexandra Daddario13_244,pins_Alexandra Daddario,.jpg
405,Alexandra Daddario140_255,pins_Alexandra Daddario,.jpg
406,Alexandra Daddario141_256,pins_Alexandra Daddario,.jpg
407,Alexandra Daddario143_257,pins_Alexandra Daddario,.jpg
408,Alexandra Daddario144_258,pins_Alexandra Daddario,.jpg
409,Alexandra Daddario145_259,pins_Alexandra Daddario,.jpg
410,Alexandra Daddario146_260,pins_Alexandra Daddario,.jpg
411,Alexandra Daddario147_261,pins_Alexandra Daddario,.jpg
412,Alexandra Daddario148_262,pins_Alexandra Daddario,.jpg
413,Alexandra Daddario149_263,pins_Alexandra Daddario,.jpg
414,Alexandra Daddario14_254,pins_Alexandra Daddario,.jpg
415,Alexandra Daddario150_265,pins_Alexandra Daddario,.jpg
416,Alexandra Daddario152_266,pins_Alexandra Daddario,.jpg
417,Alexandra Daddario153_267,pins_Alexandra Daddario,.jpg
418,Alexandra Daddario154_268,pins_Alexandra Daddario,.jpg
419,Alexandra Daddario155_269,pins_Alexandra Daddario,.jpg
420,Alexandra Daddario156_270,pins_Alexandra Daddario,.jpg
421,Alexandra Daddario157_271,pins_Alexandra Daddario,.jpg
422,Alexandra Daddario158_272,pins_Alexandra Daddario,.jpg
423,Alexandra Daddario15_264,pins_Alexandra Daddario,.jpg
424,Alexandra Daddario160_274,pins_Alexandra Daddario,.jpg
425,Alexandra Daddario161_275,pins_Alexandra Daddario,.jpg
426,Alexandra Daddario163_276,pins_Alexandra Daddario,.jpg
427,Alexandra Daddario164_277,pins_Alexandra Daddario,.jpg
428,Alexandra Daddario165_278,pins_Alexandra Daddario,.jpg
429,Alexandra Daddario166_279,pins_Alexandra Daddario,.jpg
430,Alexandra Daddario167_280,pins_Alexandra Daddario,.jpg
431,Alexandra Daddario168_281,pins_Alexandra Daddario,.jpg
432,Alexandra Daddario169_282,pins_Alexandra Daddario,.jpg
433,Alexandra Daddario16_273,pins_Alexandra Daddario,.jpg
434,Alexandra Daddario171_284,pins_Alexandra Daddario,.jpg
435,Alexandra Daddario172_285,pins_Alexandra Daddario,.jpg
436,Alexandra Daddario173_286,pins_Alexandra Daddario,.jpg
437,Alexandra Daddario174_287,pins_Alexandra Daddario,.jpg
438,Alexandra Daddario175_288,pins_Alexandra Daddario,.jpg
439,Alexandra Daddario178_289,pins_Alexandra Daddario,.jpg
440,Alexandra Daddario179_290,pins_Alexandra Daddario,.jpg
441,Alexandra Daddario17_283,pins_Alexandra Daddario,.jpg
442,Alexandra Daddario180_292,pins_Alexandra Daddario,.jpg
443,Alexandra Daddario182_293,pins_Alexandra Daddario,.jpg
444,Alexandra Daddario183_294,pins_Alexandra Daddario,.jpg
445,Alexandra Daddario184_295,pins_Alexandra Daddario,.jpg
446,Alexandra Daddario185_296,pins_Alexandra Daddario,.jpg
447,Alexandra Daddario187_297,pins_Alexandra Daddario,.jpg
448,Alexandra Daddario188_298,pins_Alexandra Daddario,.jpg
449,Alexandra Daddario189_299,pins_Alexandra Daddario,.jpg
450,Alexandra Daddario18_291,pins_Alexandra Daddario,.jpg
451,Alexandra Daddario190_301,pins_Alexandra Daddario,.jpg
452,Alexandra Daddario191_302,pins_Alexandra Daddario,.jpg
453,Alexandra Daddario192_303,pins_Alexandra Daddario,.jpg
454,Alexandra Daddario193_304,pins_Alexandra Daddario,.jpg
455,Alexandra Daddario194_305,pins_Alexandra Daddario,.jpg
456,Alexandra Daddario195_306,pins_Alexandra Daddario,.jpg
457,Alexandra Daddario196_307,pins_Alexandra Daddario,.jpg
458,Alexandra Daddario197_308,pins_Alexandra Daddario,.jpg
459,Alexandra Daddario198_309,pins_Alexandra Daddario,.jpg
460,Alexandra Daddario199_310,pins_Alexandra Daddario,.jpg
461,Alexandra Daddario19_300,pins_Alexandra Daddario,.jpg
462,Alexandra Daddario1_215,pins_Alexandra Daddario,.jpg
463,Alexandra Daddario200_312,pins_Alexandra Daddario,.jpg
464,Alexandra Daddario201_313,pins_Alexandra Daddario,.jpg
465,Alexandra Daddario202_314,pins_Alexandra Daddario,.jpg
466,Alexandra Daddario203_315,pins_Alexandra Daddario,.jpg
467,Alexandra Daddario205_316,pins_Alexandra Daddario,.jpg
468,Alexandra Daddario206_317,pins_Alexandra Daddario,.jpg
469,Alexandra Daddario207_318,pins_Alexandra Daddario,.jpg
470,Alexandra Daddario208_319,pins_Alexandra Daddario,.jpg
471,Alexandra Daddario209_320,pins_Alexandra Daddario,.jpg
472,Alexandra Daddario210_322,pins_Alexandra Daddario,.jpg
473,Alexandra Daddario211_323,pins_Alexandra Daddario,.jpg
474,Alexandra Daddario212_324,pins_Alexandra Daddario,.jpg
475,Alexandra Daddario213_325,pins_Alexandra Daddario,.jpg
476,Alexandra Daddario214_326,pins_Alexandra Daddario,.jpg
477,Alexandra Daddario215_327,pins_Alexandra Daddario,.jpg
478,Alexandra Daddario216_328,pins_Alexandra Daddario,.jpg
479,Alexandra Daddario217_329,pins_Alexandra Daddario,.jpg
480,Alexandra Daddario218_330,pins_Alexandra Daddario,.jpg
481,Alexandra Daddario219_331,pins_Alexandra Daddario,.jpg
482,Alexandra Daddario21_321,pins_Alexandra Daddario,.jpg
483,Alexandra Daddario220_333,pins_Alexandra Daddario,.jpg
484,Alexandra Daddario221_334,pins_Alexandra Daddario,.jpg
485,Alexandra Daddario222_335,pins_Alexandra Daddario,.jpg
486,Alexandra Daddario223_336,pins_Alexandra Daddario,.jpg
487,Alexandra Daddario224_337,pins_Alexandra Daddario,.jpg
488,Alexandra Daddario226_338,pins_Alexandra Daddario,.jpg
489,Alexandra Daddario227_339,pins_Alexandra Daddario,.jpg
490,Alexandra Daddario228_340,pins_Alexandra Daddario,.jpg
491,Alexandra Daddario229_341,pins_Alexandra Daddario,.jpg
492,Alexandra Daddario22_332,pins_Alexandra Daddario,.jpg
493,Alexandra Daddario230_343,pins_Alexandra Daddario,.jpg
494,Alexandra Daddario232_344,pins_Alexandra Daddario,.jpg
495,Alexandra Daddario233_345,pins_Alexandra Daddario,.jpg
496,Alexandra Daddario234_346,pins_Alexandra Daddario,.jpg
497,Alexandra Daddario235_347,pins_Alexandra Daddario,.jpg
498,Alexandra Daddario236_348,pins_Alexandra Daddario,.jpg
499,Alexandra Daddario237_349,pins_Alexandra Daddario,.jpg
500,Alexandra Daddario238_350,pins_Alexandra Daddario,.jpg
501,Alexandra Daddario239_351,pins_Alexandra Daddario,.jpg
502,Alexandra Daddario23_342,pins_Alexandra Daddario,.jpg
503,Alexandra Daddario240_353,pins_Alexandra Daddario,.jpg
504,Alexandra Daddario242_354,pins_Alexandra Daddario,.jpg
505,Alexandra Daddario243_355,pins_Alexandra Daddario,.jpg
506,Alexandra Daddario244_356,pins_Alexandra Daddario,.jpg
507,Alexandra Daddario245_357,pins_Alexandra Daddario,.jpg
508,Alexandra Daddario246_358,pins_Alexandra Daddario,.jpg
509,Alexandra Daddario248_359,pins_Alexandra Daddario,.jpg
510,Alexandra Daddario249_360,pins_Alexandra Daddario,.jpg
511,Alexandra Daddario24_352,pins_Alexandra Daddario,.jpg
512,Alexandra Daddario25_361,pins_Alexandra Daddario,.jpg
513,Alexandra Daddario26_362,pins_Alexandra Daddario,.jpg
514,Alexandra Daddario27_363,pins_Alexandra Daddario,.jpg
515,Alexandra Daddario28_364,pins_Alexandra Daddario,.jpg
516,Alexandra Daddario29_365,pins_Alexandra Daddario,.jpg
517,Alexandra Daddario2_311,pins_Alexandra Daddario,.jpg
518,Alexandra Daddario30_367,pins_Alexandra Daddario,.jpg
519,Alexandra Daddario31_368,pins_Alexandra Daddario,.jpg
520,Alexandra Daddario32_369,pins_Alexandra Daddario,.jpg
521,Alexandra Daddario33_370,pins_Alexandra Daddario,.jpg
522,Alexandra Daddario34_371,pins_Alexandra Daddario,.jpg
523,Alexandra Daddario35_372,pins_Alexandra Daddario,.jpg
524,Alexandra Daddario36_373,pins_Alexandra Daddario,.jpg
525,Alexandra Daddario37_374,pins_Alexandra Daddario,.jpg
526,Alexandra Daddario38_375,pins_Alexandra Daddario,.jpg
527,Alexandra Daddario39_376,pins_Alexandra Daddario,.jpg
528,Alexandra Daddario3_366,pins_Alexandra Daddario,.jpg
529,Alexandra Daddario40_378,pins_Alexandra Daddario,.jpg
530,Alexandra Daddario41_379,pins_Alexandra Daddario,.jpg
531,Alexandra Daddario42_380,pins_Alexandra Daddario,.jpg
532,Alexandra Daddario43_381,pins_Alexandra Daddario,.jpg
533,Alexandra Daddario44_382,pins_Alexandra Daddario,.jpg
534,Alexandra Daddario45_383,pins_Alexandra Daddario,.jpg
535,Alexandra Daddario46_384,pins_Alexandra Daddario,.jpg
536,Alexandra Daddario47_385,pins_Alexandra Daddario,.jpg
537,Alexandra Daddario48_386,pins_Alexandra Daddario,.jpg
538,Alexandra Daddario49_387,pins_Alexandra Daddario,.jpg
539,Alexandra Daddario4_377,pins_Alexandra Daddario,.jpg
540,Alexandra Daddario50_389,pins_Alexandra Daddario,.jpg
541,Alexandra Daddario51_390,pins_Alexandra Daddario,.jpg
542,Alexandra Daddario52_391,pins_Alexandra Daddario,.jpg
543,Alexandra Daddario53_392,pins_Alexandra Daddario,.jpg
544,Alexandra Daddario54_393,pins_Alexandra Daddario,.jpg
545,Alexandra Daddario55_394,pins_Alexandra Daddario,.jpg
546,Alexandra Daddario56_395,pins_Alexandra Daddario,.jpg
547,Alexandra Daddario57_396,pins_Alexandra Daddario,.jpg
548,Alexandra Daddario58_397,pins_Alexandra Daddario,.jpg
549,Alexandra Daddario59_398,pins_Alexandra Daddario,.jpg
550,Alexandra Daddario5_388,pins_Alexandra Daddario,.jpg
551,Alexandra Daddario60_400,pins_Alexandra Daddario,.jpg
552,Alexandra Daddario61_401,pins_Alexandra Daddario,.jpg
553,Alexandra Daddario62_402,pins_Alexandra Daddario,.jpg
554,Alexandra Daddario63_403,pins_Alexandra Daddario,.jpg
555,Alexandra Daddario64_404,pins_Alexandra Daddario,.jpg
556,Alexandra Daddario65_405,pins_Alexandra Daddario,.jpg
557,Alexandra Daddario66_406,pins_Alexandra Daddario,.jpg
558,Alexandra Daddario67_407,pins_Alexandra Daddario,.jpg
559,Alexandra Daddario68_408,pins_Alexandra Daddario,.jpg
560,Alexandra Daddario6_399,pins_Alexandra Daddario,.jpg
561,Alexandra Daddario70_410,pins_Alexandra Daddario,.jpg
562,Alexandra Daddario71_411,pins_Alexandra Daddario,.jpg
563,Alexandra Daddario72_412,pins_Alexandra Daddario,.jpg
564,Alexandra Daddario74_413,pins_Alexandra Daddario,.jpg
565,Alexandra Daddario76_415,pins_Alexandra Daddario,.jpg
566,Alexandra Daddario77_416,pins_Alexandra Daddario,.jpg
567,Alexandra Daddario78_417,pins_Alexandra Daddario,.jpg
568,Alexandra Daddario79_418,pins_Alexandra Daddario,.jpg
569,Alexandra Daddario7_409,pins_Alexandra Daddario,.jpg
570,Alexandra Daddario80_420,pins_Alexandra Daddario,.jpg
571,Alexandra Daddario81_421,pins_Alexandra Daddario,.jpg
572,Alexandra Daddario82_422,pins_Alexandra Daddario,.jpg
573,Alexandra Daddario83_423,pins_Alexandra Daddario,.jpg
574,Alexandra Daddario84_424,pins_Alexandra Daddario,.jpg
575,Alexandra Daddario85_425,pins_Alexandra Daddario,.jpg
576,Alexandra Daddario86_426,pins_Alexandra Daddario,.jpg
577,Alexandra Daddario87_427,pins_Alexandra Daddario,.jpg
578,Alexandra Daddario88_428,pins_Alexandra Daddario,.jpg
579,Alexandra Daddario89_429,pins_Alexandra Daddario,.jpg
580,Alexandra Daddario8_419,pins_Alexandra Daddario,.jpg
581,Alexandra Daddario90_431,pins_Alexandra Daddario,.jpg
582,Alexandra Daddario91_432,pins_Alexandra Daddario,.jpg
583,Alexandra Daddario93_433,pins_Alexandra Daddario,.jpg
584,Alexandra Daddario94_434,pins_Alexandra Daddario,.jpg
585,Alexandra Daddario94_435,pins_Alexandra Daddario,.jpg
586,Alexandra Daddario95_436,pins_Alexandra Daddario,.jpg
587,Alexandra Daddario96_437,pins_Alexandra Daddario,.jpg
588,Alexandra Daddario97_438,pins_Alexandra Daddario,.jpg
589,Alexandra Daddario99_439,pins_Alexandra Daddario,.jpg
590,Alexandra Daddario9_430,pins_Alexandra Daddario,.jpg
4835,elizabeth olsen0_1112,pins_elizabeth olsen,.jpg
4836,elizabeth olsen100_1114,pins_elizabeth olsen,.jpg
4837,elizabeth olsen103_1115,pins_elizabeth olsen,.jpg
4838,elizabeth olsen105_1116,pins_elizabeth olsen,.jpg
4839,elizabeth olsen106_1117,pins_elizabeth olsen,.jpg
4840,elizabeth olsen107_1118,pins_elizabeth olsen,.jpg
4841,elizabeth olsen108_1119,pins_elizabeth olsen,.jpg
4842,elizabeth olsen109_1120,pins_elizabeth olsen,.jpg
4843,elizabeth olsen110_1122,pins_elizabeth olsen,.jpg
4844,elizabeth olsen111_1123,pins_elizabeth olsen,.jpg
4845,elizabeth olsen112_1124,pins_elizabeth olsen,.jpg
4846,elizabeth olsen113_1125,pins_elizabeth olsen,.jpg
4847,elizabeth olsen114_1126,pins_elizabeth olsen,.jpg
4848,elizabeth olsen116_1127,pins_elizabeth olsen,.jpg
4849,elizabeth olsen118_1128,pins_elizabeth olsen,.jpg
4850,elizabeth olsen119_1129,pins_elizabeth olsen,.jpg
4851,elizabeth olsen11_1121,pins_elizabeth olsen,.jpg
4852,elizabeth olsen120_1131,pins_elizabeth olsen,.jpg
4853,elizabeth olsen121_1132,pins_elizabeth olsen,.jpg
4854,elizabeth olsen122_1133,pins_elizabeth olsen,.jpg
4855,elizabeth olsen123_1134,pins_elizabeth olsen,.jpg
4856,elizabeth olsen124_1135,pins_elizabeth olsen,.jpg
4857,elizabeth olsen125_1136,pins_elizabeth olsen,.jpg
4858,elizabeth olsen126_1137,pins_elizabeth olsen,.jpg
4859,elizabeth olsen128_1138,pins_elizabeth olsen,.jpg
4860,elizabeth olsen129_1139,pins_elizabeth olsen,.jpg
4861,elizabeth olsen12_1130,pins_elizabeth olsen,.jpg
4862,elizabeth olsen130_1141,pins_elizabeth olsen,.jpg
4863,elizabeth olsen133_1142,pins_elizabeth olsen,.jpg
4864,elizabeth olsen134_1143,pins_elizabeth olsen,.jpg
4865,elizabeth olsen135_1144,pins_elizabeth olsen,.jpg
4866,elizabeth olsen136_1145,pins_elizabeth olsen,.jpg
4867,elizabeth olsen137_1146,pins_elizabeth olsen,.jpg
4868,elizabeth olsen138_1147,pins_elizabeth olsen,.jpg
4869,elizabeth olsen139_1148,pins_elizabeth olsen,.jpg
4870,elizabeth olsen13_1140,pins_elizabeth olsen,.jpg
4871,elizabeth olsen140_1150,pins_elizabeth olsen,.jpg
4872,elizabeth olsen141_1151,pins_elizabeth olsen,.jpg
4873,elizabeth olsen142_1152,pins_elizabeth olsen,.jpg
4874,elizabeth olsen144_1153,pins_elizabeth olsen,.jpg
4875,elizabeth olsen145_1154,pins_elizabeth olsen,.jpg
4876,elizabeth olsen146_1155,pins_elizabeth olsen,.jpg
4877,elizabeth olsen147_1156,pins_elizabeth olsen,.jpg
4878,elizabeth olsen148_1157,pins_elizabeth olsen,.jpg
4879,elizabeth olsen149_1158,pins_elizabeth olsen,.jpg
4880,elizabeth olsen14_1149,pins_elizabeth olsen,.jpg
4881,elizabeth olsen150_1160,pins_elizabeth olsen,.jpg
4882,elizabeth olsen151_1161,pins_elizabeth olsen,.jpg
4883,elizabeth olsen152_1162,pins_elizabeth olsen,.jpg
4884,elizabeth olsen153_1163,pins_elizabeth olsen,.jpg
4885,elizabeth olsen156_1164,pins_elizabeth olsen,.jpg
4886,elizabeth olsen157_1165,pins_elizabeth olsen,.jpg
4887,elizabeth olsen158_1166,pins_elizabeth olsen,.jpg
4888,elizabeth olsen159_1167,pins_elizabeth olsen,.jpg
4889,elizabeth olsen15_1159,pins_elizabeth olsen,.jpg
4890,elizabeth olsen160_1169,pins_elizabeth olsen,.jpg
4891,elizabeth olsen161_1170,pins_elizabeth olsen,.jpg
4892,elizabeth olsen162_1171,pins_elizabeth olsen,.jpg
4893,elizabeth olsen163_1172,pins_elizabeth olsen,.jpg
4894,elizabeth olsen164_1173,pins_elizabeth olsen,.jpg
4895,elizabeth olsen165_1174,pins_elizabeth olsen,.jpg
4896,elizabeth olsen166_1175,pins_elizabeth olsen,.jpg
4897,elizabeth olsen167_1176,pins_elizabeth olsen,.jpg
4898,elizabeth olsen168_1177,pins_elizabeth olsen,.jpg
4899,elizabeth olsen16_1168,pins_elizabeth olsen,.jpg
4900,elizabeth olsen170_1179,pins_elizabeth olsen,.jpg
4901,elizabeth olsen171_1180,pins_elizabeth olsen,.jpg
4902,elizabeth olsen172_1181,pins_elizabeth olsen,.jpg
4903,elizabeth olsen174_1182,pins_elizabeth olsen,.jpg
4904,elizabeth olsen175_1183,pins_elizabeth olsen,.jpg
4905,elizabeth olsen176_1184,pins_elizabeth olsen,.jpg
4906,elizabeth olsen177_1185,pins_elizabeth olsen,.jpg
4907,elizabeth olsen178_1186,pins_elizabeth olsen,.jpg
4908,elizabeth olsen179_1187,pins_elizabeth olsen,.jpg
4909,elizabeth olsen17_1178,pins_elizabeth olsen,.jpg
4910,elizabeth olsen181_1188,pins_elizabeth olsen,.jpg
4911,elizabeth olsen182_1189,pins_elizabeth olsen,.jpg
4912,elizabeth olsen183_1190,pins_elizabeth olsen,.jpg
4913,elizabeth olsen184_1191,pins_elizabeth olsen,.jpg
4914,elizabeth olsen185_1192,pins_elizabeth olsen,.jpg
4915,elizabeth olsen186_1193,pins_elizabeth olsen,.jpg
4916,elizabeth olsen187_1194,pins_elizabeth olsen,.jpg
4917,elizabeth olsen188_1195,pins_elizabeth olsen,.jpg
4918,elizabeth olsen189_1196,pins_elizabeth olsen,.jpg
4919,elizabeth olsen190_1198,pins_elizabeth olsen,.jpg
4920,elizabeth olsen191_1199,pins_elizabeth olsen,.jpg
4921,elizabeth olsen192_1200,pins_elizabeth olsen,.jpg
4922,elizabeth olsen193_1201,pins_elizabeth olsen,.jpg
4923,elizabeth olsen194_1202,pins_elizabeth olsen,.jpg
4924,elizabeth olsen195_1203,pins_elizabeth olsen,.jpg
4925,elizabeth olsen196_1204,pins_elizabeth olsen,.jpg
4926,elizabeth olsen197_1205,pins_elizabeth olsen,.jpg
4927,elizabeth olsen198_1206,pins_elizabeth olsen,.jpg
4928,elizabeth olsen199_1207,pins_elizabeth olsen,.jpg
4929,elizabeth olsen19_1197,pins_elizabeth olsen,.jpg
4930,elizabeth olsen1_1113,pins_elizabeth olsen,.jpg
4931,elizabeth olsen200_1210,pins_elizabeth olsen,.jpg
4932,elizabeth olsen201_1211,pins_elizabeth olsen,.jpg
4933,elizabeth olsen202_1212,pins_elizabeth olsen,.jpg
4934,elizabeth olsen203_1213,pins_elizabeth olsen,.jpg
4935,elizabeth olsen204_1214,pins_elizabeth olsen,.jpg
4936,elizabeth olsen205_1215,pins_elizabeth olsen,.jpg
4937,elizabeth olsen206_1216,pins_elizabeth olsen,.jpg
4938,elizabeth olsen208_1217,pins_elizabeth olsen,.jpg
4939,elizabeth olsen20_1209,pins_elizabeth olsen,.jpg
4940,elizabeth olsen210_1219,pins_elizabeth olsen,.jpg
4941,elizabeth olsen213_1220,pins_elizabeth olsen,.jpg
4942,elizabeth olsen214_1221,pins_elizabeth olsen,.jpg
4943,elizabeth olsen215_1222,pins_elizabeth olsen,.jpg
4944,elizabeth olsen216_1223,pins_elizabeth olsen,.jpg
4945,elizabeth olsen217_1224,pins_elizabeth olsen,.jpg
4946,elizabeth olsen218_1225,pins_elizabeth olsen,.jpg
4947,elizabeth olsen219_1226,pins_elizabeth olsen,.jpg
4948,elizabeth olsen21_1218,pins_elizabeth olsen,.jpg
4949,elizabeth olsen221_1228,pins_elizabeth olsen,.jpg
4950,elizabeth olsen222_1229,pins_elizabeth olsen,.jpg
4951,elizabeth olsen223_1230,pins_elizabeth olsen,.jpg
4952,elizabeth olsen224_1231,pins_elizabeth olsen,.jpg
4953,elizabeth olsen225_1232,pins_elizabeth olsen,.jpg
4954,elizabeth olsen226_1233,pins_elizabeth olsen,.jpg
4955,elizabeth olsen227_1234,pins_elizabeth olsen,.jpg
4956,elizabeth olsen228_1235,pins_elizabeth olsen,.jpg
4957,elizabeth olsen229_1236,pins_elizabeth olsen,.jpg
4958,elizabeth olsen22_1227,pins_elizabeth olsen,.jpg
4959,elizabeth olsen231_1238,pins_elizabeth olsen,.jpg
4960,elizabeth olsen232_1239,pins_elizabeth olsen,.jpg
4961,elizabeth olsen234_1240,pins_elizabeth olsen,.jpg
4962,elizabeth olsen236_1241,pins_elizabeth olsen,.jpg
4963,elizabeth olsen237_1242,pins_elizabeth olsen,.jpg
4964,elizabeth olsen238_1243,pins_elizabeth olsen,.jpg
4965,elizabeth olsen239_1244,pins_elizabeth olsen,.jpg
4966,elizabeth olsen23_1237,pins_elizabeth olsen,.jpg
4967,elizabeth olsen240_1246,pins_elizabeth olsen,.jpg
4968,elizabeth olsen241_1247,pins_elizabeth olsen,.jpg
4969,elizabeth olsen242_1248,pins_elizabeth olsen,.jpg
4970,elizabeth olsen245_1249,pins_elizabeth olsen,.jpg
4971,elizabeth olsen246_1250,pins_elizabeth olsen,.jpg
4972,elizabeth olsen247_1251,pins_elizabeth olsen,.jpg
4973,elizabeth olsen248_1252,pins_elizabeth olsen,.jpg
4974,elizabeth olsen249_1253,pins_elizabeth olsen,.jpg
4975,elizabeth olsen24_1245,pins_elizabeth olsen,.jpg
4976,elizabeth olsen26_1254,pins_elizabeth olsen,.jpg
4977,elizabeth olsen27_1255,pins_elizabeth olsen,.jpg
4978,elizabeth olsen27_1256,pins_elizabeth olsen,.jpg
4979,elizabeth olsen27_1257,pins_elizabeth olsen,.jpg
4980,elizabeth olsen27_1258,pins_elizabeth olsen,.jpg
4981,elizabeth olsen28_1259,pins_elizabeth olsen,.jpg
4982,elizabeth olsen29_1260,pins_elizabeth olsen,.jpg
4983,elizabeth olsen2_1208,pins_elizabeth olsen,.jpg
4984,elizabeth olsen30_1262,pins_elizabeth olsen,.jpg
4985,elizabeth olsen30_1263,pins_elizabeth olsen,.jpg
4986,elizabeth olsen30_1264,pins_elizabeth olsen,.jpg
4987,elizabeth olsen32_1265,pins_elizabeth olsen,.jpg
4988,elizabeth olsen32_1266,pins_elizabeth olsen,.jpg
4989,elizabeth olsen33_1267,pins_elizabeth olsen,.jpg
4990,elizabeth olsen34_1268,pins_elizabeth olsen,.jpg
4991,elizabeth olsen35_1269,pins_elizabeth olsen,.jpg
4992,elizabeth olsen36_1270,pins_elizabeth olsen,.jpg
4993,elizabeth olsen37_1271,pins_elizabeth olsen,.jpg
4994,elizabeth olsen38_1272,pins_elizabeth olsen,.jpg
4995,elizabeth olsen39_1273,pins_elizabeth olsen,.jpg
4996,elizabeth olsen3_1261,pins_elizabeth olsen,.jpg
4997,elizabeth olsen40_1275,pins_elizabeth olsen,.jpg
4998,elizabeth olsen41_1276,pins_elizabeth olsen,.jpg
4999,elizabeth olsen42_1277,pins_elizabeth olsen,.jpg
5000,elizabeth olsen43_1278,pins_elizabeth olsen,.jpg
5001,elizabeth olsen44_1279,pins_elizabeth olsen,.jpg
5002,elizabeth olsen45_1280,pins_elizabeth olsen,.jpg
5003,elizabeth olsen46_1281,pins_elizabeth olsen,.jpg
5004,elizabeth olsen48_1282,pins_elizabeth olsen,.jpg
5005,elizabeth olsen4_1274,pins_elizabeth olsen,.jpg
5006,elizabeth olsen50_1284,pins_elizabeth olsen,.jpg
5007,elizabeth olsen51_1285,pins_elizabeth olsen,.jpg
5008,elizabeth olsen52_1286,pins_elizabeth olsen,.jpg
5009,elizabeth olsen53_1287,pins_elizabeth olsen,.jpg
5010,elizabeth olsen55_1288,pins_elizabeth olsen,.jpg
5011,elizabeth olsen56_1289,pins_elizabeth olsen,.jpg
5012,elizabeth olsen57_1290,pins_elizabeth olsen,.jpg
5013,elizabeth olsen5_1283,pins_elizabeth olsen,.jpg
5014,elizabeth olsen60_1292,pins_elizabeth olsen,.jpg
5015,elizabeth olsen61_1293,pins_elizabeth olsen,.jpg
5016,elizabeth olsen62_1294,pins_elizabeth olsen,.jpg
5017,elizabeth olsen63_1295,pins_elizabeth olsen,.jpg
5018,elizabeth olsen64_1296,pins_elizabeth olsen,.jpg
5019,elizabeth olsen65_1297,pins_elizabeth olsen,.jpg
5020,elizabeth olsen66_1298,pins_elizabeth olsen,.jpg
5021,elizabeth olsen67_1299,pins_elizabeth olsen,.jpg
5022,elizabeth olsen69_1300,pins_elizabeth olsen,.jpg
5023,elizabeth olsen6_1291,pins_elizabeth olsen,.jpg
5024,elizabeth olsen70_1302,pins_elizabeth olsen,.jpg
5025,elizabeth olsen71_1303,pins_elizabeth olsen,.jpg
5026,elizabeth olsen72_1304,pins_elizabeth olsen,.jpg
5027,elizabeth olsen73_1305,pins_elizabeth olsen,.jpg
5028,elizabeth olsen74_1306,pins_elizabeth olsen,.jpg
5029,elizabeth olsen75_1307,pins_elizabeth olsen,.jpg
5030,elizabeth olsen76_1308,pins_elizabeth olsen,.jpg
5031,elizabeth olsen77_1309,pins_elizabeth olsen,.jpg
5032,elizabeth olsen78_1310,pins_elizabeth olsen,.jpg
5033,elizabeth olsen79_1311,pins_elizabeth olsen,.jpg
5034,elizabeth olsen7_1301,pins_elizabeth olsen,.jpg
5035,elizabeth olsen80_1313,pins_elizabeth olsen,.jpg
5036,elizabeth olsen81_1314,pins_elizabeth olsen,.jpg
5037,elizabeth olsen82_1315,pins_elizabeth olsen,.jpg
5038,elizabeth olsen83_1316,pins_elizabeth olsen,.jpg
5039,elizabeth olsen84_1317,pins_elizabeth olsen,.jpg
5040,elizabeth olsen85_1318,pins_elizabeth olsen,.jpg
5041,elizabeth olsen86_1319,pins_elizabeth olsen,.jpg
5042,elizabeth olsen87_1320,pins_elizabeth olsen,.jpg
5043,elizabeth olsen88_1321,pins_elizabeth olsen,.jpg
5044,elizabeth olsen89_1322,pins_elizabeth olsen,.jpg
5045,elizabeth olsen8_1312,pins_elizabeth olsen,.jpg
5046,elizabeth olsen90_1324,pins_elizabeth olsen,.jpg
5047,elizabeth olsen91_1325,pins_elizabeth olsen,.jpg
5048,elizabeth olsen92_1326,pins_elizabeth olsen,.jpg
5049,elizabeth olsen94_1327,pins_elizabeth olsen,.jpg
5050,elizabeth olsen95_1328,pins_elizabeth olsen,.jpg
5051,elizabeth olsen96_1329,pins_elizabeth olsen,.jpg
5052,elizabeth olsen97_1330,pins_elizabeth olsen,.jpg
5053,elizabeth olsen98_1331,pins_elizabeth olsen,.jpg
5054,elizabeth olsen99_1332,pins_elizabeth olsen,.jpg
5055,elizabeth olsen9_1323,pins_elizabeth olsen,.jpg
8681,Katherine Langford0_2871,pins_Katherine Langford,.jpg
8682,Katherine Langford100_2874,pins_Katherine Langford,.jpg
8683,Katherine Langford101_2875,pins_Katherine Langford,.jpg
8684,Katherine Langford102_2876,pins_Katherine Langford,.jpg
8685,Katherine Langford103_2877,pins_Katherine Langford,.jpg
8686,Katherine Langford104_2878,pins_Katherine Langford,.jpg
8687,Katherine Langford105_2879,pins_Katherine Langford,.jpg
8688,Katherine Langford106_2880,pins_Katherine Langford,.jpg
8689,Katherine Langford107_2881,pins_Katherine Langford,.jpg
8690,Katherine Langford108_2882,pins_Katherine Langford,.jpg
8691,Katherine Langford109_2883,pins_Katherine Langford,.jpg
8692,Katherine Langford10_2873,pins_Katherine Langford,.jpg
8693,Katherine Langford111_2885,pins_Katherine Langford,.jpg
8694,Katherine Langford112_2886,pins_Katherine Langford,.jpg
8695,Katherine Langford113_2887,pins_Katherine Langford,.jpg
8696,Katherine Langford114_2888,pins_Katherine Langford,.jpg
8697,Katherine Langford115_2889,pins_Katherine Langford,.jpg
8698,Katherine Langford117_2890,pins_Katherine Langford,.jpg
8699,Katherine Langford118_2891,pins_Katherine Langford,.jpg
8700,Katherine Langford119_2892,pins_Katherine Langford,.jpg
8701,Katherine Langford11_2884,pins_Katherine Langford,.jpg
8702,Katherine Langford121_2894,pins_Katherine Langford,.jpg
8703,Katherine Langford123_2895,pins_Katherine Langford,.jpg
8704,Katherine Langford124_2896,pins_Katherine Langford,.jpg
8705,Katherine Langford127_2897,pins_Katherine Langford,.jpg
8706,Katherine Langford128_2898,pins_Katherine Langford,.jpg
8707,Katherine Langford129_2899,pins_Katherine Langford,.jpg
8708,Katherine Langford12_2893,pins_Katherine Langford,.jpg
8709,Katherine Langford130_2901,pins_Katherine Langford,.jpg
8710,Katherine Langford130_2902,pins_Katherine Langford,.jpg
8711,Katherine Langford130_2903,pins_Katherine Langford,.jpg
8712,Katherine Langford131_2904,pins_Katherine Langford,.jpg
8713,Katherine Langford131_2905,pins_Katherine Langford,.jpg
8714,Katherine Langford131_2906,pins_Katherine Langford,.jpg
8715,Katherine Langford131_2907,pins_Katherine Langford,.jpg
8716,Katherine Langford134_2908,pins_Katherine Langford,.jpg
8717,Katherine Langford135_2909,pins_Katherine Langford,.jpg
8718,Katherine Langford136_2910,pins_Katherine Langford,.jpg
8719,Katherine Langford137_2911,pins_Katherine Langford,.jpg
8720,Katherine Langford139_2912,pins_Katherine Langford,.jpg
8721,Katherine Langford13_2900,pins_Katherine Langford,.jpg
8722,Katherine Langford140_2915,pins_Katherine Langford,.jpg
8723,Katherine Langford141_2916,pins_Katherine Langford,.jpg
8724,Katherine Langford141_2917,pins_Katherine Langford,.jpg
8725,Katherine Langford142_2918,pins_Katherine Langford,.jpg
8726,Katherine Langford143_2919,pins_Katherine Langford,.jpg
8727,Katherine Langford144_2920,pins_Katherine Langford,.jpg
8728,Katherine Langford145_2921,pins_Katherine Langford,.jpg
8729,Katherine Langford148_2922,pins_Katherine Langford,.jpg
8730,Katherine Langford148_2923,pins_Katherine Langford,.jpg
8731,Katherine Langford148_2924,pins_Katherine Langford,.jpg
8732,Katherine Langford148_2925,pins_Katherine Langford,.jpg
8733,Katherine Langford149_2926,pins_Katherine Langford,.jpg
8734,Katherine Langford14_2913,pins_Katherine Langford,.jpg
8735,Katherine Langford14_2914,pins_Katherine Langford,.jpg
8736,Katherine Langford150_2928,pins_Katherine Langford,.jpg
8737,Katherine Langford151_2929,pins_Katherine Langford,.jpg
8738,Katherine Langford152_2930,pins_Katherine Langford,.jpg
8739,Katherine Langford153_2931,pins_Katherine Langford,.jpg
8740,Katherine Langford154_2932,pins_Katherine Langford,.jpg
8741,Katherine Langford156_2933,pins_Katherine Langford,.jpg
8742,Katherine Langford157_2934,pins_Katherine Langford,.jpg
8743,Katherine Langford158_2935,pins_Katherine Langford,.jpg
8744,Katherine Langford159_2936,pins_Katherine Langford,.jpg
8745,Katherine Langford15_2927,pins_Katherine Langford,.jpg
8746,Katherine Langford160_2938,pins_Katherine Langford,.jpg
8747,Katherine Langford161_2939,pins_Katherine Langford,.jpg
8748,Katherine Langford162_2940,pins_Katherine Langford,.jpg
8749,Katherine Langford163_2941,pins_Katherine Langford,.jpg
8750,Katherine Langford164_2942,pins_Katherine Langford,.jpg
8751,Katherine Langford166_2943,pins_Katherine Langford,.jpg
8752,Katherine Langford169_2944,pins_Katherine Langford,.jpg
8753,Katherine Langford16_2937,pins_Katherine Langford,.jpg
8754,Katherine Langford170_2946,pins_Katherine Langford,.jpg
8755,Katherine Langford171_2947,pins_Katherine Langford,.jpg
8756,Katherine Langford172_2948,pins_Katherine Langford,.jpg
8757,Katherine Langford174_2949,pins_Katherine Langford,.jpg
8758,Katherine Langford174_2950,pins_Katherine Langford,.jpg
8759,Katherine Langford174_2951,pins_Katherine Langford,.jpg
8760,Katherine Langford175_2952,pins_Katherine Langford,.jpg
8761,Katherine Langford177_2953,pins_Katherine Langford,.jpg
8762,Katherine Langford178_2954,pins_Katherine Langford,.jpg
8763,Katherine Langford17_2945,pins_Katherine Langford,.jpg
8764,Katherine Langford182_2956,pins_Katherine Langford,.jpg
8765,Katherine Langford183_2957,pins_Katherine Langford,.jpg
8766,Katherine Langford184_2958,pins_Katherine Langford,.jpg
8767,Katherine Langford185_2959,pins_Katherine Langford,.jpg
8768,Katherine Langford186_2960,pins_Katherine Langford,.jpg
8769,Katherine Langford188_2961,pins_Katherine Langford,.jpg
8770,Katherine Langford18_2955,pins_Katherine Langford,.jpg
8771,Katherine Langford190_2963,pins_Katherine Langford,.jpg
8772,Katherine Langford191_2964,pins_Katherine Langford,.jpg
8773,Katherine Langford194_2965,pins_Katherine Langford,.jpg
8774,Katherine Langford196_2966,pins_Katherine Langford,.jpg
8775,Katherine Langford197_2967,pins_Katherine Langford,.jpg
8776,Katherine Langford198_2968,pins_Katherine Langford,.jpg
8777,Katherine Langford199_2969,pins_Katherine Langford,.jpg
8778,Katherine Langford19_2962,pins_Katherine Langford,.jpg
8779,Katherine Langford1_2872,pins_Katherine Langford,.jpg
8780,Katherine Langford201_2972,pins_Katherine Langford,.jpg
8781,Katherine Langford202_2973,pins_Katherine Langford,.jpg
8782,Katherine Langford203_2974,pins_Katherine Langford,.jpg
8783,Katherine Langford205_2975,pins_Katherine Langford,.jpg
8784,Katherine Langford206_2976,pins_Katherine Langford,.jpg
8785,Katherine Langford208_2977,pins_Katherine Langford,.jpg
8786,Katherine Langford209_2978,pins_Katherine Langford,.jpg
8787,Katherine Langford20_2971,pins_Katherine Langford,.jpg
8788,Katherine Langford210_2980,pins_Katherine Langford,.jpg
8789,Katherine Langford210_2981,pins_Katherine Langford,.jpg
8790,Katherine Langford210_2982,pins_Katherine Langford,.jpg
8791,Katherine Langford210_2983,pins_Katherine Langford,.jpg
8792,Katherine Langford210_2984,pins_Katherine Langford,.jpg
8793,Katherine Langford211_2985,pins_Katherine Langford,.jpg
8794,Katherine Langford213_2986,pins_Katherine Langford,.jpg
8795,Katherine Langford215_2987,pins_Katherine Langford,.jpg
8796,Katherine Langford218_2988,pins_Katherine Langford,.jpg
8797,Katherine Langford21_2979,pins_Katherine Langford,.jpg
8798,Katherine Langford220_2990,pins_Katherine Langford,.jpg
8799,Katherine Langford222_2991,pins_Katherine Langford,.jpg
8800,Katherine Langford226_2992,pins_Katherine Langford,.jpg
8801,Katherine Langford227_2993,pins_Katherine Langford,.jpg
8802,Katherine Langford229_2994,pins_Katherine Langford,.jpg
8803,Katherine Langford229_2995,pins_Katherine Langford,.jpg
8804,Katherine Langford229_2996,pins_Katherine Langford,.jpg
8805,Katherine Langford229_2997,pins_Katherine Langford,.jpg
8806,Katherine Langford229_2998,pins_Katherine Langford,.jpg
8807,Katherine Langford22_2989,pins_Katherine Langford,.jpg
8808,Katherine Langford231_3000,pins_Katherine Langford,.jpg
8809,Katherine Langford232_3001,pins_Katherine Langford,.jpg
8810,Katherine Langford233_3002,pins_Katherine Langford,.jpg
8811,Katherine Langford234_3003,pins_Katherine Langford,.jpg
8812,Katherine Langford238_3004,pins_Katherine Langford,.jpg
8813,Katherine Langford238_3005,pins_Katherine Langford,.jpg
8814,Katherine Langford238_3006,pins_Katherine Langford,.jpg
8815,Katherine Langford238_3007,pins_Katherine Langford,.jpg
8816,Katherine Langford239_3008,pins_Katherine Langford,.jpg
8817,Katherine Langford23_2999,pins_Katherine Langford,.jpg
8818,Katherine Langford240_3010,pins_Katherine Langford,.jpg
8819,Katherine Langford241_3011,pins_Katherine Langford,.jpg
8820,Katherine Langford242_3012,pins_Katherine Langford,.jpg
8821,Katherine Langford243_3013,pins_Katherine Langford,.jpg
8822,Katherine Langford245_3014,pins_Katherine Langford,.jpg
8823,Katherine Langford249_3015,pins_Katherine Langford,.jpg
8824,Katherine Langford24_3009,pins_Katherine Langford,.jpg
8825,Katherine Langford25_3016,pins_Katherine Langford,.jpg
8826,Katherine Langford26_3017,pins_Katherine Langford,.jpg
8827,Katherine Langford27_3018,pins_Katherine Langford,.jpg
8828,Katherine Langford28_3019,pins_Katherine Langford,.jpg
8829,Katherine Langford29_3020,pins_Katherine Langford,.jpg
8830,Katherine Langford2_2970,pins_Katherine Langford,.jpg
8831,Katherine Langford30_3022,pins_Katherine Langford,.jpg
8832,Katherine Langford31_3023,pins_Katherine Langford,.jpg
8833,Katherine Langford32_3024,pins_Katherine Langford,.jpg
8834,Katherine Langford33_3025,pins_Katherine Langford,.jpg
8835,Katherine Langford34_3026,pins_Katherine Langford,.jpg
8836,Katherine Langford36_3027,pins_Katherine Langford,.jpg
8837,Katherine Langford37_3028,pins_Katherine Langford,.jpg
8838,Katherine Langford38_3029,pins_Katherine Langford,.jpg
8839,Katherine Langford3_3021,pins_Katherine Langford,.jpg
8840,Katherine Langford40_3031,pins_Katherine Langford,.jpg
8841,Katherine Langford41_3032,pins_Katherine Langford,.jpg
8842,Katherine Langford42_3033,pins_Katherine Langford,.jpg
8843,Katherine Langford43_3034,pins_Katherine Langford,.jpg
8844,Katherine Langford44_3035,pins_Katherine Langford,.jpg
8845,Katherine Langford45_3036,pins_Katherine Langford,.jpg
8846,Katherine Langford46_3037,pins_Katherine Langford,.jpg
8847,Katherine Langford47_3038,pins_Katherine Langford,.jpg
8848,Katherine Langford47_3039,pins_Katherine Langford,.jpg
8849,Katherine Langford47_3040,pins_Katherine Langford,.jpg
8850,Katherine Langford48_3041,pins_Katherine Langford,.jpg
8851,Katherine Langford49_3042,pins_Katherine Langford,.jpg
8852,Katherine Langford4_3030,pins_Katherine Langford,.jpg
8853,Katherine Langford50_3047,pins_Katherine Langford,.jpg
8854,Katherine Langford51_3048,pins_Katherine Langford,.jpg
8855,Katherine Langford52_3049,pins_Katherine Langford,.jpg
8856,Katherine Langford53_3050,pins_Katherine Langford,.jpg
8857,Katherine Langford54_3051,pins_Katherine Langford,.jpg
8858,Katherine Langford56_3052,pins_Katherine Langford,.jpg
8859,Katherine Langford57_3053,pins_Katherine Langford,.jpg
8860,Katherine Langford58_3054,pins_Katherine Langford,.jpg
8861,Katherine Langford59_3055,pins_Katherine Langford,.jpg
8862,Katherine Langford5_3043,pins_Katherine Langford,.jpg
8863,Katherine Langford5_3044,pins_Katherine Langford,.jpg
8864,Katherine Langford5_3045,pins_Katherine Langford,.jpg
8865,Katherine Langford5_3046,pins_Katherine Langford,.jpg
8866,Katherine Langford60_3057,pins_Katherine Langford,.jpg
8867,Katherine Langford61_3058,pins_Katherine Langford,.jpg
8868,Katherine Langford62_3059,pins_Katherine Langford,.jpg
8869,Katherine Langford63_3060,pins_Katherine Langford,.jpg
8870,Katherine Langford64_3061,pins_Katherine Langford,.jpg
8871,Katherine Langford65_3062,pins_Katherine Langford,.jpg
8872,Katherine Langford66_3063,pins_Katherine Langford,.jpg
8873,Katherine Langford68_3064,pins_Katherine Langford,.jpg
8874,Katherine Langford69_3065,pins_Katherine Langford,.jpg
8875,Katherine Langford6_3056,pins_Katherine Langford,.jpg
8876,Katherine Langford70_3067,pins_Katherine Langford,.jpg
8877,Katherine Langford71_3068,pins_Katherine Langford,.jpg
8878,Katherine Langford72_3069,pins_Katherine Langford,.jpg
8879,Katherine Langford73_3070,pins_Katherine Langford,.jpg
8880,Katherine Langford74_3071,pins_Katherine Langford,.jpg
8881,Katherine Langford75_3072,pins_Katherine Langford,.jpg
8882,Katherine Langford76_3073,pins_Katherine Langford,.jpg
8883,Katherine Langford77_3074,pins_Katherine Langford,.jpg
8884,Katherine Langford78_3075,pins_Katherine Langford,.jpg
8885,Katherine Langford79_3076,pins_Katherine Langford,.jpg
8886,Katherine Langford7_3066,pins_Katherine Langford,.jpg
8887,Katherine Langford80_3077,pins_Katherine Langford,.jpg
8888,Katherine Langford81_3078,pins_Katherine Langford,.jpg
8889,Katherine Langford82_3079,pins_Katherine Langford,.jpg
8890,Katherine Langford83_3080,pins_Katherine Langford,.jpg
8891,Katherine Langford84_3081,pins_Katherine Langford,.jpg
8892,Katherine Langford85_3082,pins_Katherine Langford,.jpg
8893,Katherine Langford86_3083,pins_Katherine Langford,.jpg
8894,Katherine Langford87_3084,pins_Katherine Langford,.jpg
8895,Katherine Langford88_3085,pins_Katherine Langford,.jpg
8896,Katherine Langford90_3087,pins_Katherine Langford,.jpg
8897,Katherine Langford91_3088,pins_Katherine Langford,.jpg
8898,Katherine Langford92_3089,pins_Katherine Langford,.jpg
8899,Katherine Langford93_3090,pins_Katherine Langford,.jpg
8900,Katherine Langford94_3091,pins_Katherine Langford,.jpg
8901,Katherine Langford95_3092,pins_Katherine Langford,.jpg
8902,Katherine Langford96_3093,pins_Katherine Langford,.jpg
8903,Katherine Langford97_3094,pins_Katherine Langford,.jpg
8904,Katherine Langford98_3095,pins_Katherine Langford,.jpg
8905,Katherine Langford99_3096,pins_Katherine Langford,.jpg
8906,Katherine Langford9_3086,pins_Katherine Langford,.jpg
9439,Leonardo DiCaprio0_2472,pins_Leonardo DiCaprio,.jpg
9440,Leonardo DiCaprio100_2474,pins_Leonardo DiCaprio,.jpg
9441,Leonardo DiCaprio103_2475,pins_Leonardo DiCaprio,.jpg
9442,Leonardo DiCaprio104_2476,pins_Leonardo DiCaprio,.jpg
9443,Leonardo DiCaprio105_2477,pins_Leonardo DiCaprio,.jpg
9444,Leonardo DiCaprio106_2478,pins_Leonardo DiCaprio,.jpg
9445,Leonardo DiCaprio108_2479,pins_Leonardo DiCaprio,.jpg
9446,Leonardo DiCaprio109_2480,pins_Leonardo DiCaprio,.jpg
9447,Leonardo DiCaprio10_2473,pins_Leonardo DiCaprio,.jpg
9448,Leonardo DiCaprio111_2483,pins_Leonardo DiCaprio,.jpg
9449,Leonardo DiCaprio112_2484,pins_Leonardo DiCaprio,.jpg
9450,Leonardo DiCaprio113_2485,pins_Leonardo DiCaprio,.jpg
9451,Leonardo DiCaprio114_2486,pins_Leonardo DiCaprio,.jpg
9452,Leonardo DiCaprio115_2487,pins_Leonardo DiCaprio,.jpg
9453,Leonardo DiCaprio116_2488,pins_Leonardo DiCaprio,.jpg
9454,Leonardo DiCaprio118_2489,pins_Leonardo DiCaprio,.jpg
9455,Leonardo DiCaprio119_2490,pins_Leonardo DiCaprio,.jpg
9456,Leonardo DiCaprio11_2481,pins_Leonardo DiCaprio,.jpg
9457,Leonardo DiCaprio120_2492,pins_Leonardo DiCaprio,.jpg
9458,Leonardo DiCaprio122_2493,pins_Leonardo DiCaprio,.jpg
9459,Leonardo DiCaprio123_2494,pins_Leonardo DiCaprio,.jpg
9460,Leonardo DiCaprio125_2495,pins_Leonardo DiCaprio,.jpg
9461,Leonardo DiCaprio126_2496,pins_Leonardo DiCaprio,.jpg
9462,Leonardo DiCaprio127_2497,pins_Leonardo DiCaprio,.jpg
9463,Leonardo DiCaprio128_2498,pins_Leonardo DiCaprio,.jpg
9464,Leonardo DiCaprio129_2499,pins_Leonardo DiCaprio,.jpg
9465,Leonardo DiCaprio12_2491,pins_Leonardo DiCaprio,.jpg
9466,Leonardo DiCaprio130_2501,pins_Leonardo DiCaprio,.jpg
9467,Leonardo DiCaprio132_2502,pins_Leonardo DiCaprio,.jpg
9468,Leonardo DiCaprio135_2503,pins_Leonardo DiCaprio,.jpg
9469,Leonardo DiCaprio135_2504,pins_Leonardo DiCaprio,.jpg
9470,Leonardo DiCaprio136_2505,pins_Leonardo DiCaprio,.jpg
9471,Leonardo DiCaprio138_2506,pins_Leonardo DiCaprio,.jpg
9472,Leonardo DiCaprio139_2507,pins_Leonardo DiCaprio,.jpg
9473,Leonardo DiCaprio13_2500,pins_Leonardo DiCaprio,.jpg
9474,Leonardo DiCaprio142_2509,pins_Leonardo DiCaprio,.jpg
9475,Leonardo DiCaprio143_2510,pins_Leonardo DiCaprio,.jpg
9476,Leonardo DiCaprio145_2512,pins_Leonardo DiCaprio,.jpg
9477,Leonardo DiCaprio149_2513,pins_Leonardo DiCaprio,.jpg
9478,Leonardo DiCaprio14_2508,pins_Leonardo DiCaprio,.jpg
9479,Leonardo DiCaprio155_2515,pins_Leonardo DiCaprio,.jpg
9480,Leonardo DiCaprio155_2516,pins_Leonardo DiCaprio,.jpg
9481,Leonardo DiCaprio155_2517,pins_Leonardo DiCaprio,.jpg
9482,Leonardo DiCaprio156_2518,pins_Leonardo DiCaprio,.jpg
9483,Leonardo DiCaprio157_2519,pins_Leonardo DiCaprio,.jpg
9484,Leonardo DiCaprio158_2520,pins_Leonardo DiCaprio,.jpg
9485,Leonardo DiCaprio159_2521,pins_Leonardo DiCaprio,.jpg
9486,Leonardo DiCaprio15_2514,pins_Leonardo DiCaprio,.jpg
9487,Leonardo DiCaprio160_2523,pins_Leonardo DiCaprio,.jpg
9488,Leonardo DiCaprio164_2524,pins_Leonardo DiCaprio,.jpg
9489,Leonardo DiCaprio165_2525,pins_Leonardo DiCaprio,.jpg
9490,Leonardo DiCaprio168_2526,pins_Leonardo DiCaprio,.jpg
9491,Leonardo DiCaprio169_2527,pins_Leonardo DiCaprio,.jpg
9492,Leonardo DiCaprio16_2522,pins_Leonardo DiCaprio,.jpg
9493,Leonardo DiCaprio170_2529,pins_Leonardo DiCaprio,.jpg
9494,Leonardo DiCaprio171_2530,pins_Leonardo DiCaprio,.jpg
9495,Leonardo DiCaprio172_2531,pins_Leonardo DiCaprio,.jpg
9496,Leonardo DiCaprio172_2532,pins_Leonardo DiCaprio,.jpg
9497,Leonardo DiCaprio172_2533,pins_Leonardo DiCaprio,.jpg
9498,Leonardo DiCaprio172_2534,pins_Leonardo DiCaprio,.jpg
9499,Leonardo DiCaprio174_2535,pins_Leonardo DiCaprio,.jpg
9500,Leonardo DiCaprio175_2536,pins_Leonardo DiCaprio,.jpg
9501,Leonardo DiCaprio177_2537,pins_Leonardo DiCaprio,.jpg
9502,Leonardo DiCaprio178_2538,pins_Leonardo DiCaprio,.jpg
9503,Leonardo DiCaprio179_2539,pins_Leonardo DiCaprio,.jpg
9504,Leonardo DiCaprio17_2528,pins_Leonardo DiCaprio,.jpg
9505,Leonardo DiCaprio181_2542,pins_Leonardo DiCaprio,.jpg
9506,Leonardo DiCaprio182_2543,pins_Leonardo DiCaprio,.jpg
9507,Leonardo DiCaprio183_2544,pins_Leonardo DiCaprio,.jpg
9508,Leonardo DiCaprio184_2545,pins_Leonardo DiCaprio,.jpg
9509,Leonardo DiCaprio186_2547,pins_Leonardo DiCaprio,.jpg
9510,Leonardo DiCaprio186_2548,pins_Leonardo DiCaprio,.jpg
9511,Leonardo DiCaprio187_2549,pins_Leonardo DiCaprio,.jpg
9512,Leonardo DiCaprio188_2550,pins_Leonardo DiCaprio,.jpg
9513,Leonardo DiCaprio189_2551,pins_Leonardo DiCaprio,.jpg
9514,Leonardo DiCaprio18_2540,pins_Leonardo DiCaprio,.jpg
9515,Leonardo DiCaprio190_2552,pins_Leonardo DiCaprio,.jpg
9516,Leonardo DiCaprio191_2553,pins_Leonardo DiCaprio,.jpg
9517,Leonardo DiCaprio192_2554,pins_Leonardo DiCaprio,.jpg
9518,Leonardo DiCaprio193_2555,pins_Leonardo DiCaprio,.jpg
9519,Leonardo DiCaprio195_2556,pins_Leonardo DiCaprio,.jpg
9520,Leonardo DiCaprio195_2557,pins_Leonardo DiCaprio,.jpg
9521,Leonardo DiCaprio196_2558,pins_Leonardo DiCaprio,.jpg
9522,Leonardo DiCaprio196_2559,pins_Leonardo DiCaprio,.jpg
9523,Leonardo DiCaprio196_2560,pins_Leonardo DiCaprio,.jpg
9524,Leonardo DiCaprio197_2561,pins_Leonardo DiCaprio,.jpg
9525,Leonardo DiCaprio198_2562,pins_Leonardo DiCaprio,.jpg
9526,Leonardo DiCaprio200_2565,pins_Leonardo DiCaprio,.jpg
9527,Leonardo DiCaprio200_2566,pins_Leonardo DiCaprio,.jpg
9528,Leonardo DiCaprio204_2567,pins_Leonardo DiCaprio,.jpg
9529,Leonardo DiCaprio205_2568,pins_Leonardo DiCaprio,.jpg
9530,Leonardo DiCaprio206_2569,pins_Leonardo DiCaprio,.jpg
9531,Leonardo DiCaprio207_2570,pins_Leonardo DiCaprio,.jpg
9532,Leonardo DiCaprio208_2571,pins_Leonardo DiCaprio,.jpg
9533,Leonardo DiCaprio209_2572,pins_Leonardo DiCaprio,.jpg
9534,Leonardo DiCaprio20_2564,pins_Leonardo DiCaprio,.jpg
9535,Leonardo DiCaprio210_2574,pins_Leonardo DiCaprio,.jpg
9536,Leonardo DiCaprio211_2575,pins_Leonardo DiCaprio,.jpg
9537,Leonardo DiCaprio214_2576,pins_Leonardo DiCaprio,.jpg
9538,Leonardo DiCaprio215_2577,pins_Leonardo DiCaprio,.jpg
9539,Leonardo DiCaprio219_2578,pins_Leonardo DiCaprio,.jpg
9540,Leonardo DiCaprio21_2573,pins_Leonardo DiCaprio,.jpg
9541,Leonardo DiCaprio220_2580,pins_Leonardo DiCaprio,.jpg
9542,Leonardo DiCaprio220_2582,pins_Leonardo DiCaprio,.jpg
9543,Leonardo DiCaprio221_2583,pins_Leonardo DiCaprio,.jpg
9544,Leonardo DiCaprio223_2584,pins_Leonardo DiCaprio,.jpg
9545,Leonardo DiCaprio224_2585,pins_Leonardo DiCaprio,.jpg
9546,Leonardo DiCaprio225_2586,pins_Leonardo DiCaprio,.jpg
9547,Leonardo DiCaprio227_2587,pins_Leonardo DiCaprio,.jpg
9548,Leonardo DiCaprio228_2588,pins_Leonardo DiCaprio,.jpg
9549,Leonardo DiCaprio229_2589,pins_Leonardo DiCaprio,.jpg
9550,Leonardo DiCaprio22_2579,pins_Leonardo DiCaprio,.jpg
9551,Leonardo DiCaprio234_2591,pins_Leonardo DiCaprio,.jpg
9552,Leonardo DiCaprio236_2592,pins_Leonardo DiCaprio,.jpg
9553,Leonardo DiCaprio238_2593,pins_Leonardo DiCaprio,.jpg
9554,Leonardo DiCaprio239_2594,pins_Leonardo DiCaprio,.jpg
9555,Leonardo DiCaprio23_2590,pins_Leonardo DiCaprio,.jpg
9556,Leonardo DiCaprio241_2596,pins_Leonardo DiCaprio,.jpg
9557,Leonardo DiCaprio242_2597,pins_Leonardo DiCaprio,.jpg
9558,Leonardo DiCaprio243_2598,pins_Leonardo DiCaprio,.jpg
9559,Leonardo DiCaprio245_2599,pins_Leonardo DiCaprio,.jpg
9560,Leonardo DiCaprio247_2600,pins_Leonardo DiCaprio,.jpg
9561,Leonardo DiCaprio249_2601,pins_Leonardo DiCaprio,.jpg
9562,Leonardo DiCaprio249_2602,pins_Leonardo DiCaprio,.jpg
9563,Leonardo DiCaprio249_2603,pins_Leonardo DiCaprio,.jpg
9564,Leonardo DiCaprio249_2604,pins_Leonardo DiCaprio,.jpg
9565,Leonardo DiCaprio249_2605,pins_Leonardo DiCaprio,.jpg
9566,Leonardo DiCaprio249_2606,pins_Leonardo DiCaprio,.jpg
9567,Leonardo DiCaprio249_2607,pins_Leonardo DiCaprio,.jpg
9568,Leonardo DiCaprio249_2608,pins_Leonardo DiCaprio,.jpg
9569,Leonardo DiCaprio249_2609,pins_Leonardo DiCaprio,.jpg
9570,Leonardo DiCaprio24_2595,pins_Leonardo DiCaprio,.jpg
9571,Leonardo DiCaprio25_2610,pins_Leonardo DiCaprio,.jpg
9572,Leonardo DiCaprio27_2611,pins_Leonardo DiCaprio,.jpg
9573,Leonardo DiCaprio27_2612,pins_Leonardo DiCaprio,.jpg
9574,Leonardo DiCaprio27_2613,pins_Leonardo DiCaprio,.jpg
9575,Leonardo DiCaprio28_2614,pins_Leonardo DiCaprio,.jpg
9576,Leonardo DiCaprio2_2563,pins_Leonardo DiCaprio,.jpg
9577,Leonardo DiCaprio30_2615,pins_Leonardo DiCaprio,.jpg
9578,Leonardo DiCaprio31_2616,pins_Leonardo DiCaprio,.jpg
9579,Leonardo DiCaprio32_2617,pins_Leonardo DiCaprio,.jpg
9580,Leonardo DiCaprio34_2618,pins_Leonardo DiCaprio,.jpg
9581,Leonardo DiCaprio35_2619,pins_Leonardo DiCaprio,.jpg
9582,Leonardo DiCaprio36_2620,pins_Leonardo DiCaprio,.jpg
9583,Leonardo DiCaprio36_2621,pins_Leonardo DiCaprio,.jpg
9584,Leonardo DiCaprio37_2622,pins_Leonardo DiCaprio,.jpg
9585,Leonardo DiCaprio38_2623,pins_Leonardo DiCaprio,.jpg
9586,Leonardo DiCaprio41_2625,pins_Leonardo DiCaprio,.jpg
9587,Leonardo DiCaprio42_2626,pins_Leonardo DiCaprio,.jpg
9588,Leonardo DiCaprio43_2627,pins_Leonardo DiCaprio,.jpg
9589,Leonardo DiCaprio44_2628,pins_Leonardo DiCaprio,.jpg
9590,Leonardo DiCaprio47_2629,pins_Leonardo DiCaprio,.jpg
9591,Leonardo DiCaprio48_2630,pins_Leonardo DiCaprio,.jpg
9592,Leonardo DiCaprio49_2631,pins_Leonardo DiCaprio,.jpg
9593,Leonardo DiCaprio4_2624,pins_Leonardo DiCaprio,.jpg
9594,Leonardo DiCaprio50_2632,pins_Leonardo DiCaprio,.jpg
9595,Leonardo DiCaprio53_2633,pins_Leonardo DiCaprio,.jpg
9596,Leonardo DiCaprio54_2634,pins_Leonardo DiCaprio,.jpg
9597,Leonardo DiCaprio55_2635,pins_Leonardo DiCaprio,.jpg
9598,Leonardo DiCaprio56_2636,pins_Leonardo DiCaprio,.jpg
9599,Leonardo DiCaprio57_2637,pins_Leonardo DiCaprio,.jpg
9600,Leonardo DiCaprio58_2638,pins_Leonardo DiCaprio,.jpg
9601,Leonardo DiCaprio59_2639,pins_Leonardo DiCaprio,.jpg
9602,Leonardo DiCaprio59_2640,pins_Leonardo DiCaprio,.jpg
9603,Leonardo DiCaprio59_2641,pins_Leonardo DiCaprio,.jpg
9604,Leonardo DiCaprio59_2642,pins_Leonardo DiCaprio,.jpg
9605,Leonardo DiCaprio59_2643,pins_Leonardo DiCaprio,.jpg
9606,Leonardo DiCaprio59_2644,pins_Leonardo DiCaprio,.jpg
9607,Leonardo DiCaprio59_2645,pins_Leonardo DiCaprio,.jpg
9608,Leonardo DiCaprio59_2646,pins_Leonardo DiCaprio,.jpg
9609,Leonardo DiCaprio59_2647,pins_Leonardo DiCaprio,.jpg
9610,Leonardo DiCaprio59_2648,pins_Leonardo DiCaprio,.jpg
9611,Leonardo DiCaprio59_2649,pins_Leonardo DiCaprio,.jpg
9612,Leonardo DiCaprio59_2650,pins_Leonardo DiCaprio,.jpg
9613,Leonardo DiCaprio59_2651,pins_Leonardo DiCaprio,.jpg
9614,Leonardo DiCaprio60_2653,pins_Leonardo DiCaprio,.jpg
9615,Leonardo DiCaprio61_2654,pins_Leonardo DiCaprio,.jpg
9616,Leonardo DiCaprio62_2655,pins_Leonardo DiCaprio,.jpg
9617,Leonardo DiCaprio63_2656,pins_Leonardo DiCaprio,.jpg
9618,Leonardo DiCaprio64_2657,pins_Leonardo DiCaprio,.jpg
9619,Leonardo DiCaprio65_2658,pins_Leonardo DiCaprio,.jpg
9620,Leonardo DiCaprio66_2659,pins_Leonardo DiCaprio,.jpg
9621,Leonardo DiCaprio67_2660,pins_Leonardo DiCaprio,.jpg
9622,Leonardo DiCaprio68_2661,pins_Leonardo DiCaprio,.jpg
9623,Leonardo DiCaprio69_2662,pins_Leonardo DiCaprio,.jpg
9624,Leonardo DiCaprio6_2652,pins_Leonardo DiCaprio,.jpg
9625,Leonardo DiCaprio71_2664,pins_Leonardo DiCaprio,.jpg
9626,Leonardo DiCaprio73_2665,pins_Leonardo DiCaprio,.jpg
9627,Leonardo DiCaprio74_2666,pins_Leonardo DiCaprio,.jpg
9628,Leonardo DiCaprio75_2667,pins_Leonardo DiCaprio,.jpg
9629,Leonardo DiCaprio76_2668,pins_Leonardo DiCaprio,.jpg
9630,Leonardo DiCaprio79_2669,pins_Leonardo DiCaprio,.jpg
9631,Leonardo DiCaprio7_2663,pins_Leonardo DiCaprio,.jpg
9632,Leonardo DiCaprio82_2671,pins_Leonardo DiCaprio,.jpg
9633,Leonardo DiCaprio83_2672,pins_Leonardo DiCaprio,.jpg
9634,Leonardo DiCaprio84_2673,pins_Leonardo DiCaprio,.jpg
9635,Leonardo DiCaprio84_2674,pins_Leonardo DiCaprio,.jpg
9636,Leonardo DiCaprio84_2675,pins_Leonardo DiCaprio,.jpg
9637,Leonardo DiCaprio84_2676,pins_Leonardo DiCaprio,.jpg
9638,Leonardo DiCaprio84_2677,pins_Leonardo DiCaprio,.jpg
9639,Leonardo DiCaprio84_2678,pins_Leonardo DiCaprio,.jpg
9640,Leonardo DiCaprio84_2679,pins_Leonardo DiCaprio,.jpg
9641,Leonardo DiCaprio84_2680,pins_Leonardo DiCaprio,.jpg
9642,Leonardo DiCaprio84_2681,pins_Leonardo DiCaprio,.jpg
9643,Leonardo DiCaprio84_2682,pins_Leonardo DiCaprio,.jpg
9644,Leonardo DiCaprio84_2683,pins_Leonardo DiCaprio,.jpg
9645,Leonardo DiCaprio84_2684,pins_Leonardo DiCaprio,.jpg
9646,Leonardo DiCaprio84_2685,pins_Leonardo DiCaprio,.jpg
9647,Leonardo DiCaprio84_2686,pins_Leonardo DiCaprio,.jpg
9648,Leonardo DiCaprio84_2687,pins_Leonardo DiCaprio,.jpg
9649,Leonardo DiCaprio84_2688,pins_Leonardo DiCaprio,.jpg
9650,Leonardo DiCaprio84_2689,pins_Leonardo DiCaprio,.jpg
9651,Leonardo DiCaprio84_2690,pins_Leonardo DiCaprio,.jpg
9652,Leonardo DiCaprio84_2691,pins_Leonardo DiCaprio,.jpg
9653,Leonardo DiCaprio84_2692,pins_Leonardo DiCaprio,.jpg
9654,Leonardo DiCaprio84_2693,pins_Leonardo DiCaprio,.jpg
9655,Leonardo DiCaprio84_2694,pins_Leonardo DiCaprio,.jpg
9656,Leonardo DiCaprio84_2695,pins_Leonardo DiCaprio,.jpg
9657,Leonardo DiCaprio84_2696,pins_Leonardo DiCaprio,.jpg
9658,Leonardo DiCaprio84_2697,pins_Leonardo DiCaprio,.jpg
9659,Leonardo DiCaprio85_2698,pins_Leonardo DiCaprio,.jpg
9660,Leonardo DiCaprio86_2699,pins_Leonardo DiCaprio,.jpg
9661,Leonardo DiCaprio87_2700,pins_Leonardo DiCaprio,.jpg
9662,Leonardo DiCaprio88_2701,pins_Leonardo DiCaprio,.jpg
9663,Leonardo DiCaprio89_2702,pins_Leonardo DiCaprio,.jpg
9664,Leonardo DiCaprio8_2670,pins_Leonardo DiCaprio,.jpg
9665,Leonardo DiCaprio90_2704,pins_Leonardo DiCaprio,.jpg
9666,Leonardo DiCaprio91_2705,pins_Leonardo DiCaprio,.jpg
9667,Leonardo DiCaprio92_2706,pins_Leonardo DiCaprio,.jpg
9668,Leonardo DiCaprio93_2707,pins_Leonardo DiCaprio,.jpg
9669,Leonardo DiCaprio93_2708,pins_Leonardo DiCaprio,.jpg
9670,Leonardo DiCaprio94_2709,pins_Leonardo DiCaprio,.jpg
9671,Leonardo DiCaprio97_2710,pins_Leonardo DiCaprio,.jpg
9672,Leonardo DiCaprio98_2711,pins_Leonardo DiCaprio,.jpg
9673,Leonardo DiCaprio99_2712,pins_Leonardo DiCaprio,.jpg
9674,Leonardo DiCaprio9_2703,pins_Leonardo DiCaprio,.jpg
14138,Robert Downey Jr100_4085,pins_Robert Downey Jr,.jpg
14139,Robert Downey Jr101_4086,pins_Robert Downey Jr,.jpg
14140,Robert Downey Jr105_4087,pins_Robert Downey Jr,.jpg
14141,Robert Downey Jr107_4088,pins_Robert Downey Jr,.jpg
14142,Robert Downey Jr108_4089,pins_Robert Downey Jr,.jpg
14143,Robert Downey Jr112_4091,pins_Robert Downey Jr,.jpg
14144,Robert Downey Jr114_4092,pins_Robert Downey Jr,.jpg
14145,Robert Downey Jr116_4094,pins_Robert Downey Jr,.jpg
14146,Robert Downey Jr117_4095,pins_Robert Downey Jr,.jpg
14147,Robert Downey Jr118_4096,pins_Robert Downey Jr,.jpg
14148,Robert Downey Jr119_4097,pins_Robert Downey Jr,.jpg
14149,Robert Downey Jr11_4090,pins_Robert Downey Jr,.jpg
14150,Robert Downey Jr121_4099,pins_Robert Downey Jr,.jpg
14151,Robert Downey Jr122_4100,pins_Robert Downey Jr,.jpg
14152,Robert Downey Jr124_4101,pins_Robert Downey Jr,.jpg
14153,Robert Downey Jr125_4102,pins_Robert Downey Jr,.jpg
14154,Robert Downey Jr126_4103,pins_Robert Downey Jr,.jpg
14155,Robert Downey Jr127_4104,pins_Robert Downey Jr,.jpg
14156,Robert Downey Jr128_4105,pins_Robert Downey Jr,.jpg
14157,Robert Downey Jr128_4106,pins_Robert Downey Jr,.jpg
14158,Robert Downey Jr128_4107,pins_Robert Downey Jr,.jpg
14159,Robert Downey Jr12_4098,pins_Robert Downey Jr,.jpg
14160,Robert Downey Jr131_4108,pins_Robert Downey Jr,.jpg
14161,Robert Downey Jr135_4109,pins_Robert Downey Jr,.jpg
14162,Robert Downey Jr136_4110,pins_Robert Downey Jr,.jpg
14163,Robert Downey Jr137_4111,pins_Robert Downey Jr,.jpg
14164,Robert Downey Jr137_4112,pins_Robert Downey Jr,.jpg
14165,Robert Downey Jr137_4113,pins_Robert Downey Jr,.jpg
14166,Robert Downey Jr137_4114,pins_Robert Downey Jr,.jpg
14167,Robert Downey Jr137_4115,pins_Robert Downey Jr,.jpg
14168,Robert Downey Jr137_4116,pins_Robert Downey Jr,.jpg
14169,Robert Downey Jr137_4117,pins_Robert Downey Jr,.jpg
14170,Robert Downey Jr137_4118,pins_Robert Downey Jr,.jpg
14171,Robert Downey Jr137_4119,pins_Robert Downey Jr,.jpg
14172,Robert Downey Jr137_4120,pins_Robert Downey Jr,.jpg
14173,Robert Downey Jr137_4121,pins_Robert Downey Jr,.jpg
14174,Robert Downey Jr137_4122,pins_Robert Downey Jr,.jpg
14175,Robert Downey Jr137_4123,pins_Robert Downey Jr,.jpg
14176,Robert Downey Jr137_4124,pins_Robert Downey Jr,.jpg
14177,Robert Downey Jr137_4125,pins_Robert Downey Jr,.jpg
14178,Robert Downey Jr137_4126,pins_Robert Downey Jr,.jpg
14179,Robert Downey Jr137_4127,pins_Robert Downey Jr,.jpg
14180,Robert Downey Jr137_4128,pins_Robert Downey Jr,.jpg
14181,Robert Downey Jr137_4129,pins_Robert Downey Jr,.jpg
14182,Robert Downey Jr137_4130,pins_Robert Downey Jr,.jpg
14183,Robert Downey Jr137_4131,pins_Robert Downey Jr,.jpg
14184,Robert Downey Jr137_4132,pins_Robert Downey Jr,.jpg
14185,Robert Downey Jr137_4133,pins_Robert Downey Jr,.jpg
14186,Robert Downey Jr137_4134,pins_Robert Downey Jr,.jpg
14187,Robert Downey Jr137_4135,pins_Robert Downey Jr,.jpg
14188,Robert Downey Jr137_4136,pins_Robert Downey Jr,.jpg
14189,Robert Downey Jr139_4137,pins_Robert Downey Jr,.jpg
14190,Robert Downey Jr141_4139,pins_Robert Downey Jr,.jpg
14191,Robert Downey Jr142_4140,pins_Robert Downey Jr,.jpg
14192,Robert Downey Jr143_4141,pins_Robert Downey Jr,.jpg
14193,Robert Downey Jr144_4142,pins_Robert Downey Jr,.jpg
14194,Robert Downey Jr145_4143,pins_Robert Downey Jr,.jpg
14195,Robert Downey Jr146_4144,pins_Robert Downey Jr,.jpg
14196,Robert Downey Jr147_4145,pins_Robert Downey Jr,.jpg
14197,Robert Downey Jr147_4146,pins_Robert Downey Jr,.jpg
14198,Robert Downey Jr147_4147,pins_Robert Downey Jr,.jpg
14199,Robert Downey Jr147_4148,pins_Robert Downey Jr,.jpg
14200,Robert Downey Jr148_4149,pins_Robert Downey Jr,.jpg
14201,Robert Downey Jr149_4150,pins_Robert Downey Jr,.jpg
14202,Robert Downey Jr14_4138,pins_Robert Downey Jr,.jpg
14203,Robert Downey Jr150_4152,pins_Robert Downey Jr,.jpg
14204,Robert Downey Jr151_4153,pins_Robert Downey Jr,.jpg
14205,Robert Downey Jr152_4154,pins_Robert Downey Jr,.jpg
14206,Robert Downey Jr155_4155,pins_Robert Downey Jr,.jpg
14207,Robert Downey Jr156_4156,pins_Robert Downey Jr,.jpg
14208,Robert Downey Jr158_4157,pins_Robert Downey Jr,.jpg
14209,Robert Downey Jr15_4151,pins_Robert Downey Jr,.jpg
14210,Robert Downey Jr160_4158,pins_Robert Downey Jr,.jpg
14211,Robert Downey Jr162_4159,pins_Robert Downey Jr,.jpg
14212,Robert Downey Jr166_4160,pins_Robert Downey Jr,.jpg
14213,Robert Downey Jr167_4161,pins_Robert Downey Jr,.jpg
14214,Robert Downey Jr168_4162,pins_Robert Downey Jr,.jpg
14215,Robert Downey Jr168_4163,pins_Robert Downey Jr,.jpg
14216,Robert Downey Jr168_4164,pins_Robert Downey Jr,.jpg
14217,Robert Downey Jr169_4165,pins_Robert Downey Jr,.jpg
14218,Robert Downey Jr170_4167,pins_Robert Downey Jr,.jpg
14219,Robert Downey Jr171_4168,pins_Robert Downey Jr,.jpg
14220,Robert Downey Jr172_4169,pins_Robert Downey Jr,.jpg
14221,Robert Downey Jr176_4170,pins_Robert Downey Jr,.jpg
14222,Robert Downey Jr177_4171,pins_Robert Downey Jr,.jpg
14223,Robert Downey Jr179_4172,pins_Robert Downey Jr,.jpg
14224,Robert Downey Jr17_4166,pins_Robert Downey Jr,.jpg
14225,Robert Downey Jr180_4174,pins_Robert Downey Jr,.jpg
14226,Robert Downey Jr181_4175,pins_Robert Downey Jr,.jpg
14227,Robert Downey Jr185_4176,pins_Robert Downey Jr,.jpg
14228,Robert Downey Jr186_4177,pins_Robert Downey Jr,.jpg
14229,Robert Downey Jr188_4178,pins_Robert Downey Jr,.jpg
14230,Robert Downey Jr189_4179,pins_Robert Downey Jr,.jpg
14231,Robert Downey Jr18_4173,pins_Robert Downey Jr,.jpg
14232,Robert Downey Jr192_4181,pins_Robert Downey Jr,.jpg
14233,Robert Downey Jr193_4182,pins_Robert Downey Jr,.jpg
14234,Robert Downey Jr193_4183,pins_Robert Downey Jr,.jpg
14235,Robert Downey Jr193_4184,pins_Robert Downey Jr,.jpg
14236,Robert Downey Jr196_4185,pins_Robert Downey Jr,.jpg
14237,Robert Downey Jr197_4186,pins_Robert Downey Jr,.jpg
14238,Robert Downey Jr198_4187,pins_Robert Downey Jr,.jpg
14239,Robert Downey Jr199_4188,pins_Robert Downey Jr,.jpg
14240,Robert Downey Jr199_4189,pins_Robert Downey Jr,.jpg
14241,Robert Downey Jr199_4190,pins_Robert Downey Jr,.jpg
14242,Robert Downey Jr199_4191,pins_Robert Downey Jr,.jpg
14243,Robert Downey Jr19_4180,pins_Robert Downey Jr,.jpg
14244,Robert Downey Jr1_4084,pins_Robert Downey Jr,.jpg
14245,Robert Downey Jr200_4193,pins_Robert Downey Jr,.jpg
14246,Robert Downey Jr202_4194,pins_Robert Downey Jr,.jpg
14247,Robert Downey Jr202_4195,pins_Robert Downey Jr,.jpg
14248,Robert Downey Jr202_4196,pins_Robert Downey Jr,.jpg
14249,Robert Downey Jr204_4197,pins_Robert Downey Jr,.jpg
14250,Robert Downey Jr206_4198,pins_Robert Downey Jr,.jpg
14251,Robert Downey Jr207_4199,pins_Robert Downey Jr,.jpg
14252,Robert Downey Jr208_4200,pins_Robert Downey Jr,.jpg
14253,Robert Downey Jr209_4201,pins_Robert Downey Jr,.jpg
14254,Robert Downey Jr20_4192,pins_Robert Downey Jr,.jpg
14255,Robert Downey Jr211_4203,pins_Robert Downey Jr,.jpg
14256,Robert Downey Jr212_4204,pins_Robert Downey Jr,.jpg
14257,Robert Downey Jr213_4205,pins_Robert Downey Jr,.jpg
14258,Robert Downey Jr215_4206,pins_Robert Downey Jr,.jpg
14259,Robert Downey Jr216_4207,pins_Robert Downey Jr,.jpg
14260,Robert Downey Jr219_4208,pins_Robert Downey Jr,.jpg
14261,Robert Downey Jr21_4202,pins_Robert Downey Jr,.jpg
14262,Robert Downey Jr220_4209,pins_Robert Downey Jr,.jpg
14263,Robert Downey Jr221_4210,pins_Robert Downey Jr,.jpg
14264,Robert Downey Jr221_4211,pins_Robert Downey Jr,.jpg
14265,Robert Downey Jr222_4212,pins_Robert Downey Jr,.jpg
14266,Robert Downey Jr224_4213,pins_Robert Downey Jr,.jpg
14267,Robert Downey Jr225_4214,pins_Robert Downey Jr,.jpg
14268,Robert Downey Jr226_4215,pins_Robert Downey Jr,.jpg
14269,Robert Downey Jr226_4216,pins_Robert Downey Jr,.jpg
14270,Robert Downey Jr226_4217,pins_Robert Downey Jr,.jpg
14271,Robert Downey Jr226_4218,pins_Robert Downey Jr,.jpg
14272,Robert Downey Jr226_4219,pins_Robert Downey Jr,.jpg
14273,Robert Downey Jr226_4220,pins_Robert Downey Jr,.jpg
14274,Robert Downey Jr226_4221,pins_Robert Downey Jr,.jpg
14275,Robert Downey Jr226_4222,pins_Robert Downey Jr,.jpg
14276,Robert Downey Jr226_4223,pins_Robert Downey Jr,.jpg
14277,Robert Downey Jr226_4224,pins_Robert Downey Jr,.jpg
14278,Robert Downey Jr226_4225,pins_Robert Downey Jr,.jpg
14279,Robert Downey Jr226_4226,pins_Robert Downey Jr,.jpg
14280,Robert Downey Jr226_4227,pins_Robert Downey Jr,.jpg
14281,Robert Downey Jr226_4228,pins_Robert Downey Jr,.jpg
14282,Robert Downey Jr226_4229,pins_Robert Downey Jr,.jpg
14283,Robert Downey Jr226_4230,pins_Robert Downey Jr,.jpg
14284,Robert Downey Jr226_4231,pins_Robert Downey Jr,.jpg
14285,Robert Downey Jr226_4232,pins_Robert Downey Jr,.jpg
14286,Robert Downey Jr227_4233,pins_Robert Downey Jr,.jpg
14287,Robert Downey Jr228_4234,pins_Robert Downey Jr,.jpg
14288,Robert Downey Jr229_4235,pins_Robert Downey Jr,.jpg
14289,Robert Downey Jr229_4236,pins_Robert Downey Jr,.jpg
14290,Robert Downey Jr229_4237,pins_Robert Downey Jr,.jpg
14291,Robert Downey Jr230_4241,pins_Robert Downey Jr,.jpg
14292,Robert Downey Jr232_4242,pins_Robert Downey Jr,.jpg
14293,Robert Downey Jr232_4243,pins_Robert Downey Jr,.jpg
14294,Robert Downey Jr233_4244,pins_Robert Downey Jr,.jpg
14295,Robert Downey Jr234_4245,pins_Robert Downey Jr,.jpg
14296,Robert Downey Jr236_4246,pins_Robert Downey Jr,.jpg
14297,Robert Downey Jr237_4247,pins_Robert Downey Jr,.jpg
14298,Robert Downey Jr237_4248,pins_Robert Downey Jr,.jpg
14299,Robert Downey Jr237_4249,pins_Robert Downey Jr,.jpg
14300,Robert Downey Jr237_4250,pins_Robert Downey Jr,.jpg
14301,Robert Downey Jr239_4251,pins_Robert Downey Jr,.jpg
14302,Robert Downey Jr23_4238,pins_Robert Downey Jr,.jpg
14303,Robert Downey Jr23_4239,pins_Robert Downey Jr,.jpg
14304,Robert Downey Jr23_4240,pins_Robert Downey Jr,.jpg
14305,Robert Downey Jr240_4253,pins_Robert Downey Jr,.jpg
14306,Robert Downey Jr241_4254,pins_Robert Downey Jr,.jpg
14307,Robert Downey Jr242_4255,pins_Robert Downey Jr,.jpg
14308,Robert Downey Jr243_4256,pins_Robert Downey Jr,.jpg
14309,Robert Downey Jr245_4257,pins_Robert Downey Jr,.jpg
14310,Robert Downey Jr246_4258,pins_Robert Downey Jr,.jpg
14311,Robert Downey Jr247_4259,pins_Robert Downey Jr,.jpg
14312,Robert Downey Jr248_4260,pins_Robert Downey Jr,.jpg
14313,Robert Downey Jr249_4261,pins_Robert Downey Jr,.jpg
14314,Robert Downey Jr24_4252,pins_Robert Downey Jr,.jpg
14315,Robert Downey Jr26_4262,pins_Robert Downey Jr,.jpg
14316,Robert Downey Jr27_4263,pins_Robert Downey Jr,.jpg
14317,Robert Downey Jr28_4264,pins_Robert Downey Jr,.jpg
14318,Robert Downey Jr29_4265,pins_Robert Downey Jr,.jpg
14319,Robert Downey Jr30_4267,pins_Robert Downey Jr,.jpg
14320,Robert Downey Jr33_4268,pins_Robert Downey Jr,.jpg
14321,Robert Downey Jr34_4269,pins_Robert Downey Jr,.jpg
14322,Robert Downey Jr37_4270,pins_Robert Downey Jr,.jpg
14323,Robert Downey Jr3_4266,pins_Robert Downey Jr,.jpg
14324,Robert Downey Jr40_4271,pins_Robert Downey Jr,.jpg
14325,Robert Downey Jr41_4272,pins_Robert Downey Jr,.jpg
14326,Robert Downey Jr42_4273,pins_Robert Downey Jr,.jpg
14327,Robert Downey Jr44_4274,pins_Robert Downey Jr,.jpg
14328,Robert Downey Jr45_4275,pins_Robert Downey Jr,.jpg
14329,Robert Downey Jr47_4276,pins_Robert Downey Jr,.jpg
14330,Robert Downey Jr48_4277,pins_Robert Downey Jr,.jpg
14331,Robert Downey Jr49_4278,pins_Robert Downey Jr,.jpg
14332,Robert Downey Jr50_4280,pins_Robert Downey Jr,.jpg
14333,Robert Downey Jr50_4281,pins_Robert Downey Jr,.jpg
14334,Robert Downey Jr51_4282,pins_Robert Downey Jr,.jpg
14335,Robert Downey Jr52_4283,pins_Robert Downey Jr,.jpg
14336,Robert Downey Jr53_4284,pins_Robert Downey Jr,.jpg
14337,Robert Downey Jr57_4285,pins_Robert Downey Jr,.jpg
14338,Robert Downey Jr59_4286,pins_Robert Downey Jr,.jpg
14339,Robert Downey Jr5_4279,pins_Robert Downey Jr,.jpg
14340,Robert Downey Jr61_4288,pins_Robert Downey Jr,.jpg
14341,Robert Downey Jr63_4289,pins_Robert Downey Jr,.jpg
14342,Robert Downey Jr64_4290,pins_Robert Downey Jr,.jpg
14343,Robert Downey Jr64_4291,pins_Robert Downey Jr,.jpg
14344,Robert Downey Jr65_4292,pins_Robert Downey Jr,.jpg
14345,Robert Downey Jr66_4293,pins_Robert Downey Jr,.jpg
14346,Robert Downey Jr67_4294,pins_Robert Downey Jr,.jpg
14347,Robert Downey Jr68_4295,pins_Robert Downey Jr,.jpg
14348,Robert Downey Jr69_4296,pins_Robert Downey Jr,.jpg
14349,Robert Downey Jr6_4287,pins_Robert Downey Jr,.jpg
14350,Robert Downey Jr71_4298,pins_Robert Downey Jr,.jpg
14351,Robert Downey Jr73_4299,pins_Robert Downey Jr,.jpg
14352,Robert Downey Jr74_4300,pins_Robert Downey Jr,.jpg
14353,Robert Downey Jr75_4301,pins_Robert Downey Jr,.jpg
14354,Robert Downey Jr76_4302,pins_Robert Downey Jr,.jpg
14355,Robert Downey Jr77_4303,pins_Robert Downey Jr,.jpg
14356,Robert Downey Jr7_4297,pins_Robert Downey Jr,.jpg
14357,Robert Downey Jr80_4305,pins_Robert Downey Jr,.jpg
14358,Robert Downey Jr85_4306,pins_Robert Downey Jr,.jpg
14359,Robert Downey Jr86_4307,pins_Robert Downey Jr,.jpg
14360,Robert Downey Jr88_4308,pins_Robert Downey Jr,.jpg
14361,Robert Downey Jr89_4309,pins_Robert Downey Jr,.jpg
14362,Robert Downey Jr8_4304,pins_Robert Downey Jr,.jpg
14363,Robert Downey Jr90_4310,pins_Robert Downey Jr,.jpg
14364,Robert Downey Jr90_4311,pins_Robert Downey Jr,.jpg
14365,Robert Downey Jr90_4312,pins_Robert Downey Jr,.jpg
14366,Robert Downey Jr91_4313,pins_Robert Downey Jr,.jpg
14367,Robert Downey Jr92_4314,pins_Robert Downey Jr,.jpg
14368,Robert Downey Jr93_4315,pins_Robert Downey Jr,.jpg
14369,Robert Downey Jr99_4316,pins_Robert Downey Jr,.jpg
